<?xml version="1.0" encoding="UTF-8"?>

<!--  Should exclude CDS from identifiers as this is harmonized logic  -->
<Library xmlns="http://hl7.org/fhir">
  <id value="abacavir-hypersensitivity-cds-logic"/>
  <text>
    <status value="generated"/><div xmlns="http://www.w3.org/1999/xhtml">Abacavir Hypersensitivity CDS Logic</div>
  </text>
  <identifier>
    <use value="official"/>
    <value value="Abacavir_Hypersensitivity_CDS_Logic"/>
  </identifier>
  <version value="1.0.0"/>
  <title value="Abacavir Hypersensitivity CDS Logic"/>
  <type>
    <coding>
      <code value="logic-library"/>
    </coding>
  </type>
  <status value="active"/>
  <experimental value="true"/>
  <description value="Decision support logic for improving detection of hypersensitivity to Abacavir caused by the HLA-B*57:01 allele"/>
  <publicationDate value="2016-03-14"/>
  <topic>
    <text value="Abacavir Hypersensitivity"/>
  </topic>
  <relatedResource>
    <type value="depends-on"/>
    <resource>
      <reference value="Library/library-quick-model-definition"/>
    </resource>
  </relatedResource>
<!-- valueSet>
    <name value="snomed-CT"/>
    <identifier value="2.16.840.1.113883.6.96"/>
  </valueSet -->
  <dataRequirement>
    <type value="Observation"/>
    <codeFilter>
      <path value="code"/>
      <valueSetString value="Observed HLA-B*57:01 Allele"/>
    </codeFilter>
  </dataRequirement>
  <content>
    <contentType value="text/cql"/>
    <url value="http://cqlrepository.org/AbacavirOrderingPharmacogenomicSupport.cql"/>
  </content>
</Library>