<?xml version="1.0" encoding="UTF-8"?>

<Library xmlns="http://hl7.org/fhir">
  <id value="library-azathioprine-myelotoxicity-cds-logic"/>
  <text>
    <status value="generated"/><div xmlns="http://www.w3.org/1999/xhtml">Azathioprine Myelotoxicity CDS Logic</div>
  </text>
  <identifier>
    <use value="official"/>
    <value value="Azathioprine_Myelotoxicity_CDS_Logic"/>
  </identifier>
  <version value="1.0.0"/>
  <title value="Azathioprine Myelotoxicity CDS Logic"/>
  <type>
    <coding>
      <code value="logic-library"/>
    </coding>
  </type>
  <status value="active"/>
  <experimental value="true"/>
  <description value="Decision support logic for improving the dosage accuracy of Azathioprine based on a Patient&#39;s TPMT metabolizer"/>
  <publicationDate value="2016-03-14"/>
  <topic>
    <text value="Azathioprine Myelotoxicity"/>
  </topic>
  <relatedResource>
    <type value="depends-on"/>
    <resource>
      <reference value="Library/library-quick-model-definition"/>
    </resource>
  </relatedResource>
<!-- valueSet>
    <name value="snomed-CT"/>
    <identifier value="2.16.840.1.113883.6.96"/>
  </valueSet -->
  <dataRequirement>
    <type value="Observation"/>
    <codeFilter>
      <path value="code"/>
      <valueSetString value="TPMT Results"/>
    </codeFilter>
  </dataRequirement>
  <content>
    <contentType value="text/cql"/>
    <url value="http://cqlrepository.org/AzathioprineOrderingPharmacogenomicSupport.cql"/>
  </content>
</Library>