<?xml version="1.0" encoding="UTF-8"?>

<PlanDefinition xmlns="http://hl7.org/fhir">
  <id value="azathioprine-poor-status"/>
  <text>
    <status value="generated"/><div xmlns="http://www.w3.org/1999/xhtml">Azathioprine Myelotoxicity Intervention - Poor Status</div>
  </text>
  <contained>
    <ActivityDefinition>
      <id value="poor-tpmt-metabolizer-detected-alert"/>
      <status value="active"/>
      <category value="communication"/>
      <dynamicValue>
        <path value="sender"/>
        <expression value="CDS System"/>
      </dynamicValue>
      <dynamicValue>
        <path value="recipient"/>
        <expression value="Primary Provider"/>
      </dynamicValue>
      <dynamicValue>
        <path value="payload.content"/>
        <expression value="&#39;Testing has been performed and indicates that this patient is at VERY HIGH risk for myelotoxicity with standard dosing of thiopurine therapy&#39;"/>
      </dynamicValue>
      <dynamicValue>
        <path value="payload.content"/>
        <expression value="&#39;Based on the result, this patient is predicted to have low or absent TPMT activity.           The patient is at high risk for life-threatening myelosuppression with normal doses of azathioprine.           Azathioprine should be avoided, or if azathioprine is given, start by reducing the does by 10-fold and           administer thrice weekly instead of daily. Please consult a {{recommended clinical professional for consultation,            for example some institutions might direct to a clinical pharmacist}}.&#39;"/>
      </dynamicValue>
      <dynamicValue>
        <path value="status"/>
        <expression value="&#39;proposed&#39;"/>
      </dynamicValue>
      <dynamicValue>
        <path value="encounter"/>
        <expression value="Encounter"/>
      </dynamicValue>
      <dynamicValue>
        <path value="scheduled"/>
        <expression value="Now()"/>
      </dynamicValue>
      <dynamicValue>
        <path value="reason"/>
        <expression value="Poor TPMT Metabolizer Detected"/>
      </dynamicValue>
      <dynamicValue>
        <path value="requestedOn"/>
        <expression value="Now()"/>
      </dynamicValue>
      <dynamicValue>
        <path value="subject"/>
        <expression value="Patient"/>
      </dynamicValue>
      <dynamicValue>
        <path value="priority"/>
        <expression value="Code &#39;urgent&#39; from DiagnosticPriority display &#39;Urgent&#39;"/>
      </dynamicValue>
    </ActivityDefinition>
  </contained>
  <identifier>
    <use value="official"/>
    <value value="azathioprine-myelotoxicity-poor-status"/>
  </identifier>
  <version value="1.0.0"/>
  <title value="Azathioprine Myelotoxicity Intervention Poor Status"/>
  <status value="active"/>
  <description value="Azathioprine myelotoxicity intervention to alert the user that azathioprine should either be avoided or the dosage should be reduced."/>
  <publicationDate value="2016-04-01"/>
  <topic>
    <text value="Azathioprine Myelotoxicity - Poor Status"/>
  </topic>
  <library>
    <reference value="Library/library-azathioprine-myelotoxicity-cds-logic"/>
  </library>
  <actionDefinition>
    <title value="Patient Shows Poor Metabolic Status in TPMT Genotype Test Results."/>
    <textEquivalent value="The Patient has poor metabolic status in their TPMT Genotype Test results."/>
    <triggerDefinition>
      <type value="data-added"/>
      <eventData>
        <type value="MedicationOrder"/>
        <codeFilter>
          <path value="code"/>
          <valueCodeableConcept>
            <coding>
              <system value="http://snomed.org/sct"/>
              <code value="372574004"/>
            </coding>
            <text value="Azathioprine (substance)"/>
          </valueCodeableConcept>
        </codeFilter>
      </eventData>
    </triggerDefinition>
    <condition>
      <language value="text/cql"/>
      <expression value="Should Notify User of Poor Status in Most Recent Record"/>
    </condition>
    <participantType value="practitioner"/>
    <type>
      <code value="create"/>
    </type>
    <dynamicValue>
      <path value="/"/>
      <expression value="poor-tpmt-metabolizer-detected-alert"/>
    </dynamicValue>
  </actionDefinition>
</PlanDefinition>