<?xml version="1.0" encoding="UTF-8"?>

<PlanDefinition xmlns="http://hl7.org/fhir">
  <id value="decisionsupportrule-azathioprine-conflicting-statuses"/>
  <text>
    <status value="generated"/><div xmlns="http://www.w3.org/1999/xhtml">Azathioprine Myelotoxicity Intervention - Conflicting Statuses</div>
  </text>
  <contained>
    <ActivityDefinition>
      <id value="conflicting-test-results-alert"/>
      <status value="active"/>
      <category value="communication"/>
      <dynamicValue>
        <path value="sender"/>
        <expression value="CDS System"/>
      </dynamicValue>
      <dynamicValue>
        <path value="recipient"/>
        <expression value="Primary Provider"/>
      </dynamicValue>
      <dynamicValue>
        <path value="payload.content"/>
        <expression value="&#39;There are two conflicting TPMT results for this patient which must be resolved. Consult with a clinical pharmacist or laboratory professional to resolve the conflict.&#39;"/>
      </dynamicValue>
      <dynamicValue>
        <path value="status"/>
        <expression value="&#39;proposed&#39;"/>
      </dynamicValue>
      <dynamicValue>
        <path value="encounter"/>
        <expression value="Encounter"/>
      </dynamicValue>
      <dynamicValue>
        <path value="scheduled"/>
        <expression value="Now()"/>
      </dynamicValue>
      <dynamicValue>
        <path value="reason"/>
        <expression value="Conflicting TPMT Test Results"/>
      </dynamicValue>
      <dynamicValue>
        <path value="requestedOn"/>
        <expression value="Now()"/>
      </dynamicValue>
      <dynamicValue>
        <path value="subject"/>
        <expression value="Patient"/>
      </dynamicValue>
      <dynamicValue>
        <path value="priority"/>
        <expression value="Code &#39;routine&#39; from DiagnosticPriority display &#39;Routine&#39;"/>
      </dynamicValue>
    </ActivityDefinition>
  </contained>
  <identifier>
    <use value="official"/>
    <value value="azathioprine-myelotoxicity-conflicting-statuses"/>
  </identifier>
  <version value="1.0.0"/>
  <title value="Azathioprine Myelotoxicity Conflicting Statuses"/>
  <status value="active"/>
  <description value="Azathioprine myelotoxicity intervention to alert the user that conflicting statuses were found in the patient&#39;s TPMT genotype test results."/>
  <publicationDate value="2016-04-01"/>
  <topic>
    <text value="Azathioprine Myelotoxicity - Conflicting Statuses"/>
  </topic>
  <library>
    <reference value="Library/library-azathioprine-myelotoxicity-cds-logic"/>
  </library>
  <actionDefinition>
    <title value="Patient Shows Conflicting Statuses in TPMT Genotype Test Results."/>
    <textEquivalent value="The Patient has conflicting statuses in their TPMT Genotype Test results."/>
    <triggerDefinition>
      <type value="data-added"/>
      <eventData>
        <type value="MedicationOrder"/>
        <codeFilter>
          <path value="code"/>
          <valueCodeableConcept>
            <coding>
              <system value="http://snomed.org/sct"/>
              <code value="372574004"/>
            </coding>
            <text value="Azathioprine (substance)"/>
          </valueCodeableConcept>
        </codeFilter>
      </eventData>
    </triggerDefinition>
    <condition>
      <language value="text/cql"/>
      <expression value="Should Notify User of Conflicting Statuses"/>
    </condition>
    <participantType value="practitioner"/>
    <type>
      <code value="create"/>
    </type>
    <dynamicValue>
      <path value="/"/>
      <expression value="Conflicting TPMT Test Results Alert"/>
    </dynamicValue>
  </actionDefinition>
</PlanDefinition>