<?xml version="1.0" encoding="UTF-8"?>

<PlanDefinition xmlns="http://hl7.org/fhir">
  <id value="abacavir-conflicting-statuses"/>
  <text>
    <status value="generated"/><div xmlns="http://www.w3.org/1999/xhtml">Abacavir Hypersensitivity Intervention - Conflicting Statuses</div>
  </text>
  <contained>
    <ActivityDefinition>
      <id value="conflicting-test-results-alert"/>
      <status value="active"/>
      <category value="communication"/>
      <dynamicValue>
        <path value="sender"/>
        <expression value="CDS System"/>
      </dynamicValue>
      <dynamicValue>
        <path value="recipient"/>
        <expression value="Primary Provider"/>
      </dynamicValue>
      <dynamicValue>
        <path value="payload.content"/>
        <expression value="&#39;There are two conflicting results for this patient. Consult with a clinical pharmacist or laboratory professional to resolve the conflict.&#39;"/>
      </dynamicValue>
      <dynamicValue>
        <path value="status"/>
        <expression value="&#39;proposed&#39;"/>
      </dynamicValue>
      <dynamicValue>
        <path value="encounter"/>
        <expression value="Encounter"/>
      </dynamicValue>
      <dynamicValue>
        <path value="scheduled"/>
        <expression value="Now()"/>
      </dynamicValue>
      <dynamicValue>
        <path value="reason"/>
        <expression value="Conflicting Genotype Test Results"/>
      </dynamicValue>
      <dynamicValue>
        <path value="requestedOn"/>
        <expression value="Now()"/>
      </dynamicValue>
      <dynamicValue>
        <path value="subject"/>
        <expression value="Patient"/>
      </dynamicValue>
      <dynamicValue>
        <path value="priority"/>
        <expression value="Code &#39;routine&#39; from DiagnosticPriority display &#39;Routine&#39;"/>
      </dynamicValue>
    </ActivityDefinition>
  </contained>
  <identifier>
    <use value="official"/>
    <value value="abacavir-hypersensitivity-conflicting-statuses"/>
  </identifier>
  <version value="1.0.0"/>
  <title value="Abacavir Hypersensitivity Intervention Conflicting Statuses"/>
  <status value="active"/>
  <description value="Abacavir hypersensitivity intervention to alert the user that conflicting statuses were found in the patient&#39;s genotype test results."/>
  <publicationDate value="2016-04-01"/>
  <topic>
    <text value="Abacavir Hypersensitivity - Conflicting Statuses"/>
  </topic>
  <library>
    <reference value="Library/library-abacavir-hypersensitivity-cds-logic"/>
  </library>
  <actionDefinition>
    <title value="Patient Shows Conflicting Statuses in Genotype Test Results."/>
    <textEquivalent value="The Patient has conflicting statuses in their Genotype Test results."/>
    <triggerDefinition>
      <type value="data-added"/>
      <eventData>
        <type value="MedicationOrder"/>
      <!--  <profile value="http://hl7.org/fhir/StructureDefinition/MedicationOrder"/>  -->
        <codeFilter>
          <path value="code"/>
          <valueCodeableConcept>
            <coding>
              <system value="http://snomed.org/sct"/>
              <code value="387005008"/>
            </coding>
            <text value="Abacavir (substance)"/>
          </valueCodeableConcept>
        </codeFilter>
      </eventData>
    </triggerDefinition>
    <condition>
      <language value="text/cql"/>
      <expression value="Should Notify User Of Conflicting Test Statuses"/>
    </condition>
    <participantType value="practitioner"/>
    <type>
      <code value="create"/>
    </type>
    <activityDefinition>
      <reference value="#conflicting-test-results-alert"/>
    </activityDefinition>
  </actionDefinition>
</PlanDefinition>