{
  "resourceType": "Library",
  "id": "library-azathioprine-myelotoxicity-cds-logic",
  "text": {
    "status": "generated",
    "div": "<div xmlns=\"http://www.w3.org/1999/xhtml\">Azathioprine Myelotoxicity CDS Logic</div>"
  },
  "identifier": [
    {
      "use": "official",
      "value": "Azathioprine_Myelotoxicity_CDS_Logic"
    }
  ],
  "version": "1.0.0",
  "title": "Azathioprine Myelotoxicity CDS Logic",
  "type": {
    "coding": [
      {
        "code": "logic-library"
      }
    ]
  },
  "status": "active",
  "experimental": true,
  "description": "Decision support logic for improving the dosage accuracy of Azathioprine based on a Patient's TPMT metabolizer",
  "publicationDate": "2016-03-14",
  "topic": [
    {
      "text": "Azathioprine Myelotoxicity"
    }
  ],
  "relatedResource": [
    {
      "type": "depends-on",
      "resource": {
        "reference": "Library/library-quick-model-definition"
      }
    }
  ],
  "dataRequirement": [
    {
      "type": "Observation",
      "codeFilter": [
        {
          "path": "code",
          "valueSetString": "TPMT Results"
        }
      ]
    }
  ],
  "content": {
    "contentType": "text/cql",
    "url": "http://cqlrepository.org/AzathioprineOrderingPharmacogenomicSupport.cql"
  }
}