{
  "resourceType": "PlanDefinition",
  "id": "decisionsupportrule-abacavir-hypersensitivity-positive",
  "text": {
    "status": "generated",
    "div": "<div xmlns=\"http://www.w3.org/1999/xhtml\">Abacavir Hypersensitivity Intervention - Positive</div>"
  },
  "contained": [
    {
      "resourceType": "ActivityDefinition",
      "id": "hypersensitivity-to-abacavir-alert",
      "status": "active",
      "category": "communication",
      "dynamicValue": [
        {
          "path": "sender",
          "expression": "CDS System"
        },
        {
          "path": "recipient",
          "expression": "Primary Provider"
        },
        {
          "path": "payload.content",
          "expression": "'The HLA-B*57:01 allele is present in this patient. This allele is associated with high risk of severe         hypersensitivity to abacavir. HLA-B*57:01 positive patients should NOT be prescribed abacavir. Please         choose an alternate antiretroviral. For more information, please consult a {{recommended clinical         professional for consultation, for example some institutions might direct to a clinical pharmacist}}.'"
        },
        {
          "path": "status",
          "expression": "'proposed'"
        },
        {
          "path": "encounter",
          "expression": "Encounter"
        },
        {
          "path": "scheduled",
          "expression": "Now()"
        },
        {
          "path": "reason",
          "expression": "Genotype Test Results Positive For HLA-B*57:01 Allele"
        },
        {
          "path": "requestedOn",
          "expression": "Now()"
        },
        {
          "path": "subject",
          "expression": "Patient"
        },
        {
          "path": "priority",
          "expression": "Code 'urgent' from DiagnosticPriority display 'Urgent'"
        }
      ]
    }
  ],
  "identifier": [
    {
      "use": "official",
      "value": "abacavir-hypersensitivity-positive"
    }
  ],
  "version": "1.0.0",
  "title": "Abacavir Hypersensitivity Positive",
  "status": "active",
  "description": "Abacavir hypersensitivity intervention to alert the user that the patient's genotype test results indicate a hypersensitivity to Abacavir.",
  "publicationDate": "2016-04-01",
  "topic": [
    {
      "text": "Abacavir Hypersensitivity - Positive Finding"
    }
  ],
  "library": [
    {
      "reference": "Library/library-abacavir-hypersensitivity-cds-logic"
    }
  ],
  "actionDefinition": [
    {
      "title": "Patient Shows Hypersensitivity to Abacavir in Genotype Test Results.",
      "textEquivalent": "The HLA-B*57:01 allele is present in the Patient's Genotype Test results.",
      "triggerDefinition": [
        {
          "type": "data-added",
          "eventData": {
            "type": "MedicationOrder",
            "codeFilter": [
              {
                "path": "code",
                "valueCodeableConcept": [
                  {
                    "coding": [
                      {
                        "system": "http://snomed.org/sct",
                        "code": "387005008"
                      }
                    ],
                    "text": "Abacavir (substance)"
                  }
                ]
              }
            ]
          }
        }
      ],
      "condition": {
        "language": "text/cql",
        "expression": "Should Notify User of Patient's Hypersensitivity"
      },
      "participantType": [
        "practitioner"
      ],
      "type": {
        "code": "create"
      },
      "activityDefinition": {
        "reference": "#hypersensitivity-to-abacavir-alert"
      }
    }
  ]
}