{
  "resourceType": "PlanDefinition",
  "id": "decisionsupportrule-abacavir-conflicting-statuses",
  "text": {
    "status": "generated",
    "div": "<div xmlns=\"http://www.w3.org/1999/xhtml\">Abacavir Hypersensitivity Intervention - Conflicting Statuses</div>"
  },
  "contained": [
    {
      "resourceType": "ActivityDefinition",
      "id": "conflicting-test-results-alert",
      "status": "active",
      "category": "communication",
      "dynamicValue": [
        {
          "path": "sender",
          "expression": "CDS System"
        },
        {
          "path": "recipient",
          "expression": "Primary Provider"
        },
        {
          "path": "payload.content",
          "expression": "'There are two conflicting results for this patient. Consult with a clinical pharmacist or laboratory professional to resolve the conflict.'"
        },
        {
          "path": "status",
          "expression": "'proposed'"
        },
        {
          "path": "encounter",
          "expression": "Encounter"
        },
        {
          "path": "scheduled",
          "expression": "Now()"
        },
        {
          "path": "reason",
          "expression": "Conflicting Genotype Test Results"
        },
        {
          "path": "requestedOn",
          "expression": "Now()"
        },
        {
          "path": "subject",
          "expression": "Patient"
        },
        {
          "path": "priority",
          "expression": "Code 'routine' from DiagnosticPriority display 'Routine'"
        }
      ]
    }
  ],
  "identifier": [
    {
      "use": "official",
      "value": "abacavir-hypersensitivity-conflicting-statuses"
    }
  ],
  "version": "1.0.0",
  "title": "Abacavir Hypersensitivity Intervention Conflicting Statuses",
  "status": "active",
  "description": "Abacavir hypersensitivity intervention to alert the user that conflicting statuses were found in the patient's genotype test results.",
  "publicationDate": "2016-04-01",
  "topic": [
    {
      "text": "Abacavir Hypersensitivity - Conflicting Statuses"
    }
  ],
  "library": [
    {
      "reference": "Library/library-abacavir-hypersensitivity-cds-logic"
    }
  ],
  "actionDefinition": [
    {
      "title": "Patient Shows Conflicting Statuses in Genotype Test Results.",
      "textEquivalent": "The Patient has conflicting statuses in their Genotype Test results.",
      "triggerDefinition": [
        {
          "type": "data-added",
          "eventData": {
            "type": "MedicationOrder",
            "codeFilter": [
              {
                "path": "code",
                "valueCodeableConcept": [
                  {
                    "coding": [
                      {
                        "system": "http://snomed.org/sct",
                        "code": "387005008"
                      }
                    ],
                    "text": "Abacavir (substance)"
                  }
                ]
              }
            ]
          }
        }
      ],
      "condition": {
        "language": "text/cql",
        "expression": "Should Notify User Of Conflicting Test Statuses"
      },
      "participantType": [
        "practitioner"
      ],
      "type": {
        "code": "create"
      },
      "activityDefinition": {
        "reference": "#conflicting-test-results-alert"
      }
    }
  ]
}