{
  "resourceType": "PlanDefinition",
  "id": "decisionsupportrule-azathioprine-poor-status",
  "text": {
    "status": "generated",
    "div": "<div xmlns=\"http://www.w3.org/1999/xhtml\">Azathioprine Myelotoxicity Intervention - Poor Status</div>"
  },
  "contained": [
    {
      "resourceType": "ActivityDefinition",
      "id": "poor-tpmt-metabolizer-detected-alert",
      "status": "active",
      "category": "communication",
      "dynamicValue": [
        {
          "path": "sender",
          "expression": "CDS System"
        },
        {
          "path": "recipient",
          "expression": "Primary Provider"
        },
        {
          "path": "payload.content",
          "expression": "'Testing has been performed and indicates that this patient is at VERY HIGH risk for myelotoxicity with standard dosing of thiopurine therapy'"
        },
        {
          "path": "payload.content",
          "expression": "'Based on the result, this patient is predicted to have low or absent TPMT activity.           The patient is at high risk for life-threatening myelosuppression with normal doses of azathioprine.           Azathioprine should be avoided, or if azathioprine is given, start by reducing the does by 10-fold and           administer thrice weekly instead of daily. Please consult a {{recommended clinical professional for consultation,            for example some institutions might direct to a clinical pharmacist}}.'"
        },
        {
          "path": "status",
          "expression": "'proposed'"
        },
        {
          "path": "encounter",
          "expression": "Encounter"
        },
        {
          "path": "scheduled",
          "expression": "Now()"
        },
        {
          "path": "reason",
          "expression": "Poor TPMT Metabolizer Detected"
        },
        {
          "path": "requestedOn",
          "expression": "Now()"
        },
        {
          "path": "subject",
          "expression": "Patient"
        },
        {
          "path": "priority",
          "expression": "Code 'urgent' from DiagnosticPriority display 'Urgent'"
        }
      ]
    }
  ],
  "identifier": [
    {
      "use": "official",
      "value": "azathioprine-myelotoxicity-poor-status"
    }
  ],
  "version": "1.0.0",
  "title": "Azathioprine Myelotoxicity Intervention Poor Status",
  "status": "active",
  "description": "Azathioprine myelotoxicity intervention to alert the user that azathioprine should either be avoided or the dosage should be reduced.",
  "publicationDate": "2016-04-01",
  "topic": [
    {
      "text": "Azathioprine Myelotoxicity - Poor Status"
    }
  ],
  "library": [
    {
      "reference": "Library/library-azathioprine-myelotoxicity-cds-logic"
    }
  ],
  "actionDefinition": [
    {
      "title": "Patient Shows Poor Metabolic Status in TPMT Genotype Test Results.",
      "textEquivalent": "The Patient has poor metabolic status in their TPMT Genotype Test results.",
      "triggerDefinition": [
        {
          "type": "data-added",
          "eventData": {
            "type": "MedicationOrder",
            "codeFilter": [
              {
                "path": "code",
                "valueCodeableConcept": [
                  {
                    "coding": [
                      {
                        "system": "http://snomed.org/sct",
                        "code": "372574004"
                      }
                    ],
                    "text": "Azathioprine (substance)"
                  }
                ]
              }
            ]
          }
        }
      ],
      "condition": {
        "language": "text/cql",
        "expression": "Should Notify User of Poor Status in Most Recent Record"
      },
      "participantType": [
        "practitioner"
      ],
      "type": {
        "code": "create"
      },
      "dynamicValue": [
        {
          "path": "/",
          "expression": "poor-tpmt-metabolizer-detected-alert"
        }
      ]
    }
  ]
}